Product Name,Price,Reviews
N/A,N/A,N/A
N/A,N/A,N/A
N/A,N/A,N/A
N/A,N/A,N/A
"2025 Gaming Laptop, Laptop with AMD Ryzen 9 6900HX (8C/16T, Up to 4.9GHz), 16GB DDR5 512GB NVMe SSD Windows 11 Laptop Computer, 16-inch FHD Display, WiFi 6, 53Wh Battery, Backlit KB",599.,84
"2025 Gaming Laptop, Laptop with AMD Ryzen 9 6900HX (8C/16T, Up to 4.9GHz), 16GB DDR5 512GB NVMe SSD Windows 11 Laptop Computer, 16-inch FHD Display, WiFi 6, 53Wh Battery, Backlit KB",599.,84
"Sceptre Curved 24.5-inch Gaming Monitor up to 240Hz 1080p R1500 1ms DisplayPort x2 HDMI x2 Blue Light Shift Build-in Speakers, Machine Black 2023 (C255B-FWT240)",129.,"5,707"
"BENGOO G9000 Stereo Gaming Headset for PS4 PC Xbox One PS5 Controller, Noise Cancelling Over Ear Headphones with Mic, LED Light, Bass Surround, Soft Memory Earmuffs for Nintendo",19.,"108,535"
"Xbox Core Wireless Gaming Controller – Astral Purple Series X|S, One, Windows PC, Android, and iOS",54.,"82,577"
"Roblox Digital Gift Card - 1,000 Robux [Includes Exclusive Virtual Item] [Online Game Code]",10.,"168,592"
"LED Light Bar, Music Sync RGB Light Bar, USB Ambient Lamp, Color Changing Gaming TV Backlight with Remote Control, 15 Dynamic Modes for Room Gaming Decoration",15.,164
"16.0-inch Gaming Laptop, 2025 16GB DDR4 512GB SSD laptop, Windows 11 Laptop with Intel 12th Quad-Core Processor(Up to 3.6GHz), 1920P FHD Display, Metal Shell, WiFi 6, USB3.2, Type_C, Long Battery Life",389.,71
Abstract Topographic Map White Grey Black Gaming Mouse Pad Long Mouse Pad Large Desk Mat 31.5 X 11.8 Inch Mousepad with Non-Slip Base Stitched Edge Keyboard Mat for Gaming Office,9.,402
"Gaming Microphone, USB PC Mic for Podcasts Videos, Streaming, Condenser Mic with Quick Mute, Tripod Stand, Pop Filter, RGB Indicator, Shock Mount, Rotate gain button, Compatible with PS4/5/PC",26.,"2,699"
"XVX Womier S-K80 75% Keyboard with Color Multimedia Display Mechanical Gaming Keyboard, Wired Hot Swappable Gasket Mount RGB Custom Keyboard, Pre-lubed Stabilizer for Mac/Win, Black Kanagawa",55.,707
Blue-Light Blocking Glasses Computer Reading/Gaming/TV/Phones Glasses Fashion Anti Eyestrain UV Glasses for Women Men,10.,"5,056"
"Rotating Headphone Stand - EURPMASK PC Gaming Headset Stand, Adjustable Clamp-on Headphone Holder, Headphone Hanger Hook Under Desk with 360 Degree Swivel&Cable Clip Organizer - Black",12.,"27,608"
"Exquisite Gaming: Call of Duty: Monkeybomb - Original Mobile Phone & Gaming Controller Holder, Device Stand, Cable Guys, Licensed Figure",24.,"1,703"
"Acer Nitro V Gaming Laptop | Intel Core i5-13420H Processor | NVIDIA GeForce RTX 4050 Laptop GPU | 15.6"" FHD IPS 144Hz Display | 8GB DDR5 | 512GB Gen 4 SSD | WiFi 6 | Backlit KB | ANV15-51-51H9",699.,"1,344"
"Razer BlackShark V2 X Gaming Headset: 7.1 Surround Sound - 50mm Drivers - Memory Foam Cushion - For PC, PS4, PS5, Switch - 3.5mm Audio Jack - Black",38.,"20,745"
"RGB Mousepad Led Mouse Pad, Large Mouse Pad,Led and Big Mouse mat",9.,"6,639"
"Logitech G502 HERO High Performance Wired Gaming Mouse, HERO 25K Sensor, 25,600 DPI, RGB, Adjustable Weights, 11 Programmable Buttons, On-Board Memory, PC / Mac",N/A,"54,021"
"HP Victus 15.6"" 144Hz FHD Gaming Laptop,AMD Ryzen 5 7535HS,16GB DDR5 RAM,512GB SSD,AMD Radeon RX 6550M,Beats RTX 2050,Backlit Keyboard,Windows11 Pro, Mica Silver",560.,28
"AULA F75 Pro Wireless Mechanical Keyboard,75% Gasket Hot Swappable Custom Keyboard,RGB Backlit,Pre-lubed Reaper Switches,Side Printed PBT Keycaps,2.4GHz/USB-C/BT5.0 Mechanical Gaming Keyboard",66.,396
"ASUS TUF A15 Gaming Laptop: 15.6” Full HD 144Hz Display, GeForce RTX 3050, AMD Ryzen 7 7435HS, 8GB DDR5 RAM, 512GB PCIe SSD, Wi-Fi 6, Windows 11",601.,5
"Asus ROG Strix B550-F Gaming WiFi II AMD AM4 (3rd Gen Ryzen) ATX Motherboard (PCIe 4.0,WiFi 6E, 2.5Gb LAN, BIOS Flashback, HDMI 2.1, Addressable Gen 2 RGB Header and Aura Sync)",149.,"11,050"
"HP Victus 15.6 i5 Gaming Laptop, 15.6"" FHD 1920*1080 144Hz, Intel Core i5-12450H, NVIDIA GeForce RTX 3050, 32GB RAM, 1TB SSD, Backlit KB, Touchpad, SD Card Reader, Webcam, HDMI, Wi-Fi 6, W11 H, Blue",645.,130
Logitech G Pro Wireless Gaming Mouse with Esports Grade Performance,69.,"12,762"
"Japanese Sea Wave Large Mouse Pad, Anime Black Gaming, Extended Kanagawa Mat Desk Pad, 3mm Thick Long Non-Slip Rubber Base Mice Pad, 31.5 X 11.8 Inch",15.,"1,539"
"HUANUO Dual Monitor Stand - Full Adjustable Monitor Desk Mount Swivel Vesa Bracket with C Clamp, Grommet Mounting Base for 13 to 32 Inch Computer Screens - Each Arm Holds 4.4 to 19.8lbs",59.,"29,448"
"acer Nitro V Gaming Laptop | Intel Core i9-13900H Processor | NVIDIA GeForce RTX 4060 Laptop GPU | 15.6"" FHD IPS 144Hz Display | 16GB DDR5 | 512GB Gen 4 SSD | WiFi 6 | Backlit KB | ANV15-51-99DR",949.,564
"ASUS TUF Gaming 24” (23.8” viewable) 1080P Monitor (VG249QL3A) - Full HD, 180Hz, 1ms, Fast IPS, ELMB, FreeSync Premium, G-SYNC Compatible, Speakers, DisplayPort, Height Adjustable, 3 Year Warranty",N/A,"7,746"
"Redragon S101 Gaming Keyboard, M601 Mouse, RGB Backlit Gaming Keyboard, Programmable Backlit Gaming Mouse, Value Combo Set [New Version]",33.,"46,321"
"Acer Nitro 27"" WQHD 2560 x 1440 PC Gaming IPS Monitor | AMD FreeSync Premium Up to 180Hz Refresh 0.5ms DCI-P3 95% 1 Display Port 1.2 & 2 HDMI 2.0 XV271U M3bmiiprx,Black",179.,"1,652"
"Gaming Laptop AMD Ryzen 7 5700U 16.1-inch IPS 16GB DDR4 (2 * 8GB, Dual Channel) 512GB M.2 2280 NVMe SSD Backlit Keyboard WIFI6 HDMI Type-C USB","1,699.",30
"3-in-1 PC Gaming Headset&Controller Holder - EURPMASK Headphone Stand w/Adjustable Clamp&2 Controller Holder&Rotating Arm&Cable Organizer, Universal PC Gaming Accessory Controller Headset Stand-Black",19.,659
"2.4GHz Wireless Gaming Headset for PC, Ps5, Ps4 - Lossless Audio USB & Type-C Ultra Stable Gaming Headphones with Flip Microphone, 40-Hr Battery Gamer Headset for Switch, Laptop, Mobile, Mac",32.,"8,022"
"Mr IRONSTONE L Shaped Gaming Desk Corner Computer Desk, Home Office Desks Writing Workstation with Large Monitor Stand, Easy to Assemble (Black,51 Inch)",79.,"40,890"
"Logitech G733 Lightspeed Wireless Gaming Headset with Suspension Headband, Lightsync RGB, Blue VO!CE mic technology and PRO-G audio drivers - Black",N/A,"17,280"
"Logitech G Pro X SE Wired Gaming Headset: Blue VO!CE Detachable Boom Mic, DTS 7.1, 50 mm Drivers, USB/3.5mm Aux, USB DAC Included, for PC, Xbox, PS5, PS4 - Black - G Pro X SE Wired Gaming Headset",99.,"6,741"
"24 Inch Gaming Monitor with 165hz/144hz, IPS 1ms, FHD 1080p and HDR 10 | PC Computer Monitor with 105% sRGB, Bluelight Filter, 2 HDMI & 1 DP Port, Support Freesync and Wall Mounted",84.,856
"Logitech G432 Wired Gaming Headset, 7.1 Surround Sound, DTS Headphone:X 2.0, Flip-to-Mute Mic, PC (Leatherette) Black/Blue",N/A,"11,764"
Razer Basilisk V3 Customizable Ergonomic Gaming Mouse: Fastest Gaming Mouse Switch - Chroma RGB Lighting - 26K DPI Optical Sensor - 11 Programmable Buttons - HyperScroll Tilt Wheel - Classic Black,39.,"7,570"
"Corsair VOID RGB ELITE Wireless Gaming Headset - 7.1 Surround Sound - Discord Certified - iCUE Compatible - PC, Mac, PS5, PS4 - White",105.,"23,316"
"Logitech G435 LIGHTSPEED Wireless Bluetooth Gaming Headset - Lightweight, built-in mics, 18h battery, compatible with Dolby Atmos, PC, PS4, PS5, Nintendo Switch, Mobile - Black",N/A,"9,068"
"Turtle Beach Stealth 600 Gen 3 Wireless Multiplatform Amplified Gaming Headset for Xbox Series X|S, Xbox One, PC, PS5, PS4, Mobile – Bluetooth, 80-Hr Battery, AI Noise-Cancelling Mic – White",89.,"1,656"
"ASUS ROG Strix 27” 1440P OLED Gaming Monitor (XG27ACDNG) - QD-OLED, QHD (2560 x 1440), 360Hz, 0.03ms, Custom Heatsink, OLED Care+, G-SYNC Compatible, 99% DCI-P3, DisplayWidget, AI Gaming, 3yr warranty",699.,463
"SteelSeries Arctis Nova Pro Wireless Multi-System Gaming Headset - Premium Hi-Fi Drivers - Active Noise Cancellation - Infinity Power System - ClearCast Gen 2 Mic - PS5, PS4, PC, Switch, Mobile",349.,"5,940"
"Logitech G502 Lightspeed Wireless Gaming Mouse with Hero 25K Sensor, PowerPlay Compatible, Tunable Weights and Lightsync RGB - Black",N/A,"12,784"
Razer DeathAdder Essential Gaming Mouse: 6400 DPI Optical Sensor - 5 Programmable Buttons - Mechanical Switches - Rubber Side Grips - Classic Black,24.,"12,910"
"Acer Nitro KG241Y Sbiip 23.8” Full HD (1920 x 1080) VA Gaming Monitor | AMD FreeSync Premium Technology | 165Hz Refresh Rate | 1ms (VRB) | ZeroFrame Design | 1 x Display Port 1.2 & 2 x HDMI 2.0,Black",109.,"2,914"
"Logitech G502 X Plus Lightspeed Wireless Optical Mouse - LIGHTFORCE hybrid switches, LIGHTSYNC RGB, HERO 25K gaming sensor, compatible with PC - macOS/Windows - Black",N/A,"3,091"
"Paladone Playstation Controller Icons Light with 3 Light Modes - Sound Reactive, Dynamic Phasing, and Standard Mode - Gaming Desk Accessories and Game Room Decor",18.,"36,123"
N/A,N/A,N/A
N/A,N/A,N/A
N/A,N/A,N/A
N/A,N/A,N/A
N/A,N/A,N/A
N/A,N/A,N/A
N/A,N/A,N/A
